pays,Évolution population (%),dispo_calories,dispo_proteines,ratio_prot_anim,PIB_par_habitant,taux_suffisance,dep_import,groupe_cah
Australie,13.7,1247205.0,39398.1,67.55,54763.202388,102.81576830249396,0.7240547063555913,4
Autriche,6.5,1347215.0,39766.75,59.19,49700.761833,74.57627118644068,63.84180790960452,4
Canada,9.8,1291735.0,39620.75,56.31,46550.335507,97.85296031229667,11.646063760572543,4
Danemark,4.25,1248665.0,42113.7,66.49,60656.938517,108.21917808219179,97.26027397260275,4
Finlande,3.43,1211800.0,42876.55,62.15,48678.365212,118.80341880341881,14.529914529914532,4
Gabon,27.78,961045.0,28809.45,47.62,7773.19892,5.263157894736842,94.73684210526315,5
Allemagne,3.13,1299035.0,38047.6,60.15,46231.563366,90.18691588785047,48.53971962616823,4
Chine - RAS de Hong-Kong,6.88,1181140.0,47249.24999999999,74.66,49180.094302,4.318181818181818,175.6818181818182,5
Irlande,7.95,1391015.0,40533.25,57.05,81636.578555,111.59420289855073,68.84057971014492,4
Israël,15.6,1298670.0,46026.5,60.56,46376.46651,100.81699346405229,0.0,4
Italie,2.39,1279325.0,38157.100000000006,53.19,33089.573308,115.96925704526046,8.02732707087959,4
République de Corée,3.67,1260345.0,36135.0,54.4,32143.085012,87.64976958525345,17.050691244239633,4
Koweït,32.95,1258885.0,36872.299999999996,48.91,31999.271891,27.450980392156865,75.49019607843137,5
Chine - RAS de Macao,17.81,1208880.0,39168.15,64.46,84096.705446,13.636363636363635,145.45454545454547,5
Mauritanie,25.02,1049375.0,30265.8,37.69,1677.917728,16.666666666666664,103.33333333333334,5
Mongolie,17.1,1051200.0,37865.1,71.1,4295.235029,0.0,140.0,5
Nouvelle-Zélande,9.61,1178220.0,35204.25,57.68,43229.343479,107.62331838565022,0.4484304932735426,4
Norvège,10.26,1258885.0,42442.2,55.39,74985.515257,98.1651376146789,2.7522935779816518,4
Espagne,0.33,1222020.0,39617.100000000006,62.94,29815.717809,103.81922342457032,11.966900063653723,4
Suède,7.21,1162160.0,39456.5,64.15,52895.9567,66.10878661087865,35.146443514644346,4
Suisse,10.21,1233335.0,35463.4,63.1,85134.954826,66.44295302013423,30.201342281879196,4
Oman,42.19,1077115.0,30904.55,48.35,15343.062004,6.1946902654867255,101.76991150442478,5
Émirats arabes unis,18.97,1125660.0,29356.95,44.4,43103.323058,6.933744221879815,105.70107858243452,5
Royaume-Uni de Grande-Bretagne et d'Irlande du Nord,6.96,1239175.0,38759.35,55.43,41854.503068,81.42123287671232,34.16095890410959,4
États-Unis d'Amérique,6.92,1409630.0,41978.65,66.02,65133.731652,118.4659238144597,0.6374708473697849,4
Luxembourg,19.36,1278960.0,39766.75,61.08,115480.86757,0.0,100.0,5
